{
  "BM25_Baseline": {
    "10": {
      "NDCG@1": {
        "mean": 0.3533333333333333,
        "std": 0.40775809822328074
      },
      "NDCG@5": {
        "mean": 0.29335099730688957,
        "std": 0.2950515416177197
      },
      "NDCG@10": {
        "mean": 0.2849815391963277,
        "std": 0.26303465673161275
      },
      "MRR@10": {
        "mean": 0.534,
        "std": 0.4628019734904624
      },
      "P@10": {
        "mean": 0.29,
        "std": 0.3269556544854363
      },
      "R@10": {
        "mean": 0.141504461149637,
        "std": 0.2116428483934967
      }
    },
    "20": {
      "NDCG@1": {
        "mean": 0.3533333333333333,
        "std": 0.40775809822328074
      },
      "NDCG@5": {
        "mean": 0.29335099730688957,
        "std": 0.2950515416177197
      },
      "NDCG@10": {
        "mean": 0.2849815391963277,
        "std": 0.26303465673161275
      },
      "MRR@10": {
        "mean": 0.534,
        "std": 0.4628019734904624
      },
      "P@10": {
        "mean": 0.29,
        "std": 0.3269556544854363
      },
      "R@10": {
        "mean": 0.141504461149637,
        "std": 0.2116428483934967
      }
    },
    "50": {
      "NDCG@1": {
        "mean": 0.3533333333333333,
        "std": 0.40775809822328074
      },
      "NDCG@5": {
        "mean": 0.29335099730688957,
        "std": 0.2950515416177197
      },
      "NDCG@10": {
        "mean": 0.2849815391963277,
        "std": 0.26303465673161275
      },
      "MRR@10": {
        "mean": 0.534,
        "std": 0.4628019734904624
      },
      "P@10": {
        "mean": 0.29,
        "std": 0.3269556544854363
      },
      "R@10": {
        "mean": 0.141504461149637,
        "std": 0.2116428483934967
      }
    },
    "100": {
      "NDCG@1": {
        "mean": 0.3533333333333333,
        "std": 0.40775809822328074
      },
      "NDCG@5": {
        "mean": 0.29335099730688957,
        "std": 0.2950515416177197
      },
      "NDCG@10": {
        "mean": 0.2849815391963277,
        "std": 0.26303465673161275
      },
      "MRR@10": {
        "mean": 0.534,
        "std": 0.4628019734904624
      },
      "P@10": {
        "mean": 0.29,
        "std": 0.3269556544854363
      },
      "R@10": {
        "mean": 0.141504461149637,
        "std": 0.2116428483934967
      }
    }
  },
  "BERT_MiniLM": {
    "10": {
      "NDCG@1": {
        "mean": 0.46,
        "std": 0.43660304880087847
      },
      "NDCG@5": {
        "mean": 0.3582219832995308,
        "std": 0.33148233667985844
      },
      "NDCG@10": {
        "mean": 0.31763498197859,
        "std": 0.28962210033167946
      },
      "MRR@10": {
        "mean": 0.6023809523809524,
        "std": 0.47188530064142836
      },
      "P@10": {
        "mean": 0.29,
        "std": 0.3269556544854363
      },
      "R@10": {
        "mean": 0.141504461149637,
        "std": 0.2116428483934967
      }
    },
    "20": {
      "NDCG@1": {
        "mean": 0.44666666666666666,
        "std": 0.4402524528293082
      },
      "NDCG@5": {
        "mean": 0.3629451949100304,
        "std": 0.3373006123327584
      },
      "NDCG@10": {
        "mean": 0.3422846969942624,
        "std": 0.2965469835929533
      },
      "MRR@10": {
        "mean": 0.5951904761904763,
        "std": 0.46729221679053873
      },
      "P@10": {
        "mean": 0.326,
        "std": 0.3434006406517029
      },
      "R@10": {
        "mean": 0.15229600965893833,
        "std": 0.20692024651701316
      }
    },
    "50": {
      "NDCG@1": {
        "mean": 0.44666666666666666,
        "std": 0.4402524528293082
      },
      "NDCG@5": {
        "mean": 0.3929819505399588,
        "std": 0.3372016442002171
      },
      "NDCG@10": {
        "mean": 0.3714022378607473,
        "std": 0.285343488142442
      },
      "MRR@10": {
        "mean": 0.6195714285714286,
        "std": 0.4432614744074625
      },
      "P@10": {
        "mean": 0.35800000000000004,
        "std": 0.34588437374359654
      },
      "R@10": {
        "mean": 0.17112198639196508,
        "std": 0.1867631310877721
      }
    },
    "100": {
      "NDCG@1": {
        "mean": 0.46,
        "std": 0.43660304880087847
      },
      "NDCG@5": {
        "mean": 0.4031951067118208,
        "std": 0.33283027474218646
      },
      "NDCG@10": {
        "mean": 0.3950789104218021,
        "std": 0.29116838647052506
      },
      "MRR@10": {
        "mean": 0.6392142857142857,
        "std": 0.43881852883300804
      },
      "P@10": {
        "mean": 0.37799999999999995,
        "std": 0.35569087702666763
      },
      "R@10": {
        "mean": 0.18937480052525538,
        "std": 0.20541465616678645
      }
    }
  },
  "BERT_TinyBERT": {
    "10": {
      "NDCG@1": {
        "mean": 0.4066666666666666,
        "std": 0.4386342439892262
      },
      "NDCG@5": {
        "mean": 0.34204608614325005,
        "std": 0.32833205831282014
      },
      "NDCG@10": {
        "mean": 0.3102020255070461,
        "std": 0.28258831926016137
      },
      "MRR@10": {
        "mean": 0.5586904761904762,
        "std": 0.46004474851357735
      },
      "P@10": {
        "mean": 0.29,
        "std": 0.3269556544854363
      },
      "R@10": {
        "mean": 0.141504461149637,
        "std": 0.2116428483934967
      }
    },
    "20": {
      "NDCG@1": {
        "mean": 0.42666666666666664,
        "std": 0.45235187876499666
      },
      "NDCG@5": {
        "mean": 0.35148773247816867,
        "std": 0.32976278208672666
      },
      "NDCG@10": {
        "mean": 0.3268985766464747,
        "std": 0.2860943984438354
      },
      "MRR@10": {
        "mean": 0.5570555555555555,
        "std": 0.4586437366415177
      },
      "P@10": {
        "mean": 0.318,
        "std": 0.3320783040187961
      },
      "R@10": {
        "mean": 0.15234775938652279,
        "std": 0.2114117519246017
      }
    },
    "50": {
      "NDCG@1": {
        "mean": 0.44666666666666666,
        "std": 0.45514344503195425
      },
      "NDCG@5": {
        "mean": 0.3797735849564383,
        "std": 0.32917666517391475
      },
      "NDCG@10": {
        "mean": 0.35146847423116717,
        "std": 0.2781718101200162
      },
      "MRR@10": {
        "mean": 0.5859444444444444,
        "std": 0.4441882629729909
      },
      "P@10": {
        "mean": 0.336,
        "std": 0.32357997465850696
      },
      "R@10": {
        "mean": 0.16448696682508818,
        "std": 0.1851492792023886
      }
    },
    "100": {
      "NDCG@1": {
        "mean": 0.4733333333333333,
        "std": 0.4623130252689549
      },
      "NDCG@5": {
        "mean": 0.39662999308492125,
        "std": 0.32356044914495413
      },
      "NDCG@10": {
        "mean": 0.36212611613994417,
        "std": 0.27844954110014125
      },
      "MRR@10": {
        "mean": 0.5981904761904762,
        "std": 0.4465655180427188
      },
      "P@10": {
        "mean": 0.336,
        "std": 0.3241974706872341
      },
      "R@10": {
        "mean": 0.16563219446729532,
        "std": 0.18946334212172466
      }
    }
  },
  "BiEncoder_MiniLM": {
    "10": {
      "NDCG@1": {
        "mean": 0.38666666666666666,
        "std": 0.4338970692072795
      },
      "NDCG@5": {
        "mean": 0.3273844374896698,
        "std": 0.2981951060742508
      },
      "NDCG@10": {
        "mean": 0.2932611401282162,
        "std": 0.2580058653919089
      },
      "MRR@10": {
        "mean": 0.5466666666666666,
        "std": 0.4543493516374084
      },
      "P@10": {
        "mean": 0.29,
        "std": 0.3269556544854363
      },
      "R@10": {
        "mean": 0.141504461149637,
        "std": 0.2116428483934967
      }
    },
    "20": {
      "NDCG@1": {
        "mean": 0.3633333333333333,
        "std": 0.4316505788507902
      },
      "NDCG@5": {
        "mean": 0.31808375882777207,
        "std": 0.2912935333755953
      },
      "NDCG@10": {
        "mean": 0.3095413862053936,
        "std": 0.2624585291472983
      },