{
  "10": {
    "NDCG@1": {
      "mean": 0.46,
      "std": 0.43660304880087847,
      "count": 50
    },
    "NDCG@5": {
      "mean": 0.3582219832995308,
      "std": 0.33148233667985844,
      "count": 50
    },
    "NDCG@10": {
      "mean": 0.31763498197859,
      "std": 0.28962210033167946,
      "count": 50
    },
    "MRR@10": {
      "mean": 0.6023809523809524,
      "std": 0.47188530064142836,
      "count": 50
    }
  },
  "20": {
    "NDCG@1": {
      "mean": 0.44666666666666666,
      "std": 0.4402524528293082,
      "count": 50
    },
    "NDCG@5": {
      "mean": 0.3629451949100304,
      "std": 0.3373006123327584,
      "count": 50
    },
    "NDCG@10": {
      "mean": 0.3422846969942624,
      "std": 0.2965469835929533,
      "count": 50
    },
    "MRR@10": {
      "mean": 0.5951904761904763,
      "std": 0.46729221679053873,
      "count": 50
    }
  },
  "50": {
    "NDCG@1": {
      "mean": 0.44666666666666666,
      "std": 0.4402524528293082,
      "count": 50
    },
    "NDCG@5": {
      "mean": 0.3929819505399588,
      "std": 0.3372016442002171,
      "count": 50
    },
    "NDCG@10": {
      "mean": 0.3714022378607473,
      "std": 0.285343488142442,
      "count": 50
    },
    "MRR@10": {
      "mean": 0.6195714285714286,
      "std": 0.4432614744074625,
      "count": 50
    }
  },
  "100": {
    "NDCG@1": {
      "mean": 0.46,
      "std": 0.43660304880087847,
      "count": 50
    },
    "NDCG@5": {
      "mean": 0.4031951067118208,
      "std": 0.33283027474218646,
      "count": 50
    },
    "NDCG@10": {
      "mean": 0.3950789104218021,
      "std": 0.29116838647052506,
      "count": 50
    },
    "MRR@10": {
      "mean": 0.6392142857142857,
      "std": 0.43881852883300804,
      "count": 50
    }
  }
}